{
  "curiosity": 0.456580301893922,
  "wonder": 4.784760727986022e-105,
  "concern": 9.452174141600519e-07,
  "excitement": 3.987300606655042e-105,
  "doubt": 3.189840485324029e-105,
  "satisfaction": 0.056485907773404925
}