{
  "curiosity": 0.04660622344982855,
  "wonder": 2.4841482947093783e-31,
  "concern": 3.7761024782685134e-05,
  "excitement": 2.0701235789244826e-31,
  "doubt": 1.6560988631395841e-31,
  "satisfaction": 0.0014209272922293716
}